# COVID crash: the fastest 30% drawdown on record, and the recovery.
# Adjusted daily closes, 2019-06-01 to 2020-12-31. 400 sessions common to all six names.
# Source: Yahoo Finance chart endpoint, fetched by tools/fetch_crisis_data.py. Committed so this backtest reproduces with no network and no credentials.
date,AAPL,CVX,JPM,MSFT,NVDA,XOM
2019-06-03,41.418022,84.631607,87.633904,112.311081,3.319832,52.050808
2019-06-04,42.933258,85.587425,90.333862,115.422501,3.548633,53.289085
2019-06-05,43.626354,85.842834,90.654884,117.924774,3.505950,52.847359
2019-06-06,44.266861,88.053642,90.852470,119.789734,3.567988,53.810463
2019-06-07,45.445103,88.637367,89.856445,123.144829,3.610672,54.005978
2019-06-10,46.025871,89.228386,90.827766,124.269394,3.683381,54.244946
2019-06-11,46.558826,88.411171,91.107628,123.800888,3.740953,54.194256
2019-06-12,46.410656,87.696114,89.946960,123.229218,3.628043,53.607712
2019-06-13,46.401100,88.221466,90.169243,124.007011,3.679163,54.078392
2019-06-14,46.064110,88.148514,90.399727,124.128876,3.589330,53.839424
2019-06-17,46.338955,88.571716,89.905838,124.503754,3.599008,54.375290
2019-06-18,47.428783,89.695351,91.132332,126.668617,3.793810,54.845970
2019-06-19,47.290161,89.666176,90.473816,127.165314,3.799767,54.541843
2019-06-20,47.670170,90.680367,90.704300,128.346161,3.824085,55.475975
2019-06-21,47.507637,91.154648,90.086922,128.364883,3.766016,56.258053
2019-06-24,47.459846,91.140053,89.444862,129.124008,3.788351,55.722187
2019-06-25,46.740479,90.213409,88.704018,125.047302,3.759069,55.229763
2019-06-26,47.751415,90.424988,89.296692,125.515869,3.952134,55.468746
2019-06-27,47.737087,89.826675,89.593018,125.722076,4.050652,54.903893
2019-06-28,47.302116,90.797119,92.029594,125.544037,4.075467,55.490440
2019-07-01,48.169662,91.088989,93.577141,127.155922,4.123610,55.439766
2019-07-02,48.451679,89.695351,93.675919,127.999435,4.025836,54.831493
2019-07-03,48.853195,90.001793,93.526695,128.824112,4.038741,55.352882
2019-07-05,48.810173,90.140434,94.082123,128.449234,3.976206,55.128387
2019-07-08,47.804012,90.184219,93.568115,128.355545,3.901262,55.381813
2019-07-09,48.095581,90.001793,93.966080,127.886963,3.903744,55.345631
2019-07-10,48.571182,91.526764,93.692497,129.189621,3.971987,56.127693
2019-07-11,48.217464,91.519478,94.587814,129.705032,4.126339,56.171139
2019-07-12,48.587906,91.920776,95.582611,130.173660,4.159344,56.214588
2019-07-15,49.044395,91.731056,94.422005,130.173660,4.150908,55.816319
2019-07-16,48.874706,91.030617,95.433388,128.467972,4.146193,54.983555
2019-07-17,48.599865,90.578232,94.496613,127.708900,4.211459,54.657696
2019-07-18,49.151943,90.972252,95.060310,127.849411,4.223120,54.194256
2019-07-19,48.418224,91.234901,94.123558,128.036896,4.179941,54.302876
2019-07-22,49.524784,91.431908,94.728729,129.733109,4.251411,54.360802
2019-07-23,49.911949,91.804024,96.461311,130.539108,4.359110,54.578037
2019-07-24,49.871323,92.329369,96.850960,131.879303,4.433556,54.570812
2019-07-25,49.476986,91.665413,95.922485,131.382629,4.302531,54.259426
2019-07-26,49.649044,90.271782,96.345276,132.460342,4.344470,54.172531
2019-07-29,50.112694,90.643890,96.038536,132.169830,4.338265,54.556316
2019-07-30,49.897606,90.724144,95.822998,131.532547,4.353899,54.563553
2019-07-31,50.915730,89.826675,96.162895,127.708900,4.186890,53.846672
2019-08-01,49.813953,88.097420,93.626183,129.386414,4.092590,52.470818
2019-08-02,48.759987,88.090134,93.617905,128.299271,4.000028,51.956676
2019-08-05,46.207504,86.638153,90.832489,123.903984,3.741946,50.892193
2019-08-06,47.082230,87.105095,91.545410,126.228149,3.780658,51.384617
2019-08-07,47.569778,86.900795,89.555840,126.781082,3.818875,51.051517
2019-08-08,48.618988,89.914238,91.072884,130.164261,3.927319,52.412891
2019-08-09,48.218334,89.323227,90.973404,129.058380,3.826072,51.297707
2019-08-12,48.095989,88.688438,89.265686,127.259010,3.758324,51.048454
2019-08-13,50.132771,89.301338,90.641808,129.892487,3.872476,51.678951
2019-08-14,48.640575,85.908493,86.878227,125.980881,3.724079,49.596832
2019-08-15,48.398266,85.332054,87.209785,125.698784,3.691818,49.303585
2019-08-16,49.540211,85.368919,89.298828,128.002502,3.959579,50.073368
2019-08-19,50.463837,86.474640,90.102959,130.146362,4.238010,50.916485
2019-08-20,50.466244,85.604813,88.958961,129.065002,4.165796,50.608566
2019-08-21,51.013214,86.894829,89.207642,130.503662,4.249177,51.114429
2019-08-22,50.970039,86.784248,90.127831,129.554001,4.255381,51.004459
2019-08-23,48.614174,84.904510,87.889572,125.426071,4.031048,49.479527
2019-08-26,49.537807,85.317345,88.594208,127.363106,4.105744,49.743454
2019-08-27,48.978832,85.383690,87.657440,127.635841,4.015165,49.259590
2019-08-28,49.307510,86.120842,88.536186,127.466522,4.004732,49.618820
2019-08-29,50.142357,86.629440,90.542336,129.873688,4.148309,50.168678
2019-08-30,50.077595,86.776878,91.072884,129.629211,4.160978,50.205330
2019-09-03,49.348289,85.708000,89.995209,127.917862,4.078012,50.263977
2019-09-04,50.185551,86.430405,91.081184,129.412979,4.192028,50.799179
2019-09-05,51.166763,86.717911,93.153656,131.688461,4.464774,51.517654
2019-09-06,51.161961,87.174942,93.352615,130.795197,4.437696,52.001530
2019-09-09,51.380276,88.007927,95.665489,129.309525,4.483651,52.412094
2019-09-10,51.987232,89.821281,96.884109,127.955460,4.550224,52.837303
2019-09-11,53.640171,89.401115,97.149391,127.993073,4.578790,52.734676
2019-09-12,53.520222,89.504326,97.746246,129.309525,4.577298,52.771328
2019-09-13,52.479038,89.563286,99.669525,129.121490,4.519422,53.255196
2019-09-16,52.754921,91.494621,98.782494,128.190598,4.476448,54.054317
2019-09-17,52.946857,91.325073,98.293404,129.187302,4.497811,53.643757
2019-09-18,53.443455,91.538849,99.279884,130.249786,4.470736,53.387154
2019-09-19,53.009224,91.155525,98.964867,132.647552,4.395221,53.027924
2019-09-20,52.234333,91.642029,98.566971,131.114899,4.289650,52.844639
2019-09-23,52.471836,92.069580,98.550377,130.832779,4.343056,52.881298
2019-09-24,52.222332,91.214516,97.265442,129.177841,4.285676,52.155491
2019-09-25,53.026016,91.044968,97.820862,131.039703,4.427265,52.309433
2019-09-26,52.752529,88.575523,97.016731,131.208862,4.405157,52.030853
2019-09-27,52.495827,87.425552,97.588737,129.506973,4.266549,52.404751
2019-09-30,53.731331,87.425552,97.563881,130.729385,4.323930,51.766926
2019-10-01,53.880070,85.516373,95.789848,128.886353,4.322189,50.549915
2019-10-02,52.529419,82.774178,93.883171,126.610847,4.298343,49.230263
2019-10-03,52.975636,83.408104,93.749466,128.143570,4.503772,49.838772
2019-10-04,54.460648,83.924126,95.780052,129.873688,4.520166,50.564568
2019-10-07,54.472637,83.489204,95.571152,128.933411,4.578790,49.868095
2019-10-08,53.834484,82.346634,93.440285,127.569977,4.402424,48.900345
2019-10-09,54.465435,83.400757,94.117119,129.986542,4.488867,49.442871
2019-10-10,55.199551,84.469620,95.437431,130.795197,4.546499,50.036720
2019-10-11,56.667759,85.619553,97.050186,131.340546,4.620025,50.571918
2019-10-14,56.586185,85.641685,97.309265,131.218307,4.633437,50.718536
2019-10-15,56.454250,85.737495,100.242325,133.117722,4.877865,50.894482
2019-10-16,56.226337,84.852913,100.008369,132.026993,4.824210,50.022057
2019-10-17,56.444645,85.029839,100.568230,131.349945,4.826198,49.956070
2019-10-18,56.715744,84.580177,100.743675,129.206085,4.731804,49.567509
2019-10-21,57.699345,85.958641,103.242249,130.165192,4.868924,50.395950
2019-10-22,57.567402,86.835838,104.278412,128.228149,4.858987,50.652546
2019-10-23,58.339901,86.968536,104.554169,129.046219,4.846070,51.136421
2019-10-24,58.435863,86.673676,104.478958,131.585007,4.890038,50.652546
2019-10-25,59.155571,87.477158,105.314613,132.327881,5.080807,50.769855
2019-10-28,59.748131,87.337105,105.715706,135.581299,5.136700,50.322639
2019-10-29,58.366283,87.079109,105.648857,134.302490,5.040567,50.176010
2019-10-30,58.359081,85.774368,105.063896,135.976227,5.042556,49.648148
2019-10-31,59.678547,85.612175,104.387047,134.810242,4.993372,49.538170
2019-11-01,61.372288,85.663780,106.793671,135.139328,5.032372,51.026455
2019-11-04,61.775322,89.614906,107.646004,135.919830,5.228856,52.544052
2019-11-05,61.686558,89.887634,107.879997,135.835159,5.206750,53.585094
2019-11-06,61.712936,88.383858,108.047112,135.459045,5.157568,52.412094
2019-11-07,62.425186,89.850792,108.632057,135.647095,5.175203,53.526466
2019-11-08,62.596031,89.143120,108.949608,137.245575,5.161291,52.509941
2019-11-11,63.091728,89.054665,108.565193,137.386642,5.171229,52.190891
2019-11-12,63.033962,89.165230,107.930130,138.289322,5.206750,51.471169
2019-11-13,63.637939,90.138283,107.361877,138.514984,5.180916,51.048241
2019-11-14,63.197613,89.902390,107.462166,139.220261,5.211220,50.825649
2019-11-15,63.948345,89.805588,108.239311,141.016205,5.072115,51.337605
2019-11-18,64.270798,88.249786,109.150139,141.364090,5.273073,50.840488
2019-11-19,64.075905,86.686531,109.116722,141.411163,5.166508,50.321091
2019-11-20,63.329941,87.349068,108.322868,141.165817,5.245749,50.476913
2019-11-21,63.046001,88.413544,108.573540,141.033722,5.220908,51.693741
2019-11-22,62.990662,88.309349,109.292198,141.137527,5.238545,51.471169
2019-11-25,64.095100,88.123238,109.877151,142.684830,5.494895,51.129860
2019-11-26,63.594639,87.684021,110.027565,143.439651,5.390320,51.003719
2019-11-27,64.448860,87.892464,110.353462,143.713257,5.425120,50.974033
2019-11-29,64.306870,87.192726,110.102760,142.826385,5.387832,50.551102
2019-12-02,63.563354,86.947052,109.860435,141.099777,5.201641,50.766289
2019-12-03,62.430000,86.269653,108.448212,140.873383,5.162117,50.365620
2019-12-04,62.981030,87.051308,110.587440,141.382828,5.205867,50.936943
2019-12-05,63.905029,86.597214,111.189079,141.458328,5.188965,50.758873
2019-12-06,65.139412,87.847809,112.843636,143.175446,5.274229,51.575039
2019-12-09,64.227478,87.319275,112.317207,142.807526,5.274229,51.686340
2019-12-10,64.602837,87.758484,112.392387,142.590485,5.319223,51.241150
2019-12-11,65.153854,86.522751,112.124977,143.128281,5.402748,51.166954
2019-12-12,65.319901,88.443336,115.333817,144.581268,5.570045,52.190891
2019-12-13,66.207794,87.810585,114.322685,145.798386,5.568056,51.367306
2019-12-16,67.341164,88.852760,114.765579,146.741913,5.596892,51.938618
2019-12-17,67.473495,88.287003,115.467514,145.949310,5.674948,51.701180
2019-12-18,67.312271,88.249786,115.350502,145.647415,5.705275,51.842175
2019-12-19,67.379646,87.937126,114.773964,146.911697,5.853184,51.486012
2019-12-20,67.240097,89.090996,114.682022,148.515671,5.950379,51.894093
2019-12-23,68.337318,89.574837,114.648613,148.515671,5.936708,52.153790
2019-12-24,68.402321,89.582275,114.966164,148.487335,5.931735,51.953453
2019-12-26,69.759445,89.775841,116.186180,149.704453,5.945906,52.035072
2019-12-27,69.732964,89.552505,116.269722,149.978088,5.888233,51.856995
2019-12-30,70.146835,89.217545,115.843544,148.685471,5.775127,51.552799
2019-12-31,70.659348,89.708832,116.486969,148.789261,5.849205,51.775375
2020-01-02,72.271515,90.393677,117.899170,151.544250,5.963803,52.606403
2020-01-03,71.568924,90.081024,116.343369,149.657272,5.868347,52.183456
2020-01-06,72.139168,89.775841,116.250862,150.044113,5.892957,52.584133
2020-01-07,71.799911,88.629433,114.274513,148.676056,5.964301,52.153790
2020-01-08,72.954926,87.617043,115.165955,151.044220,5.975488,51.367306
2020-01-09,74.504532,87.475601,115.586464,152.931183,6.041114,51.760544
2020-01-10,74.672981,86.679085,114.434303,152.223587,6.073431,51.300510
2020-01-13,76.268311,86.842857,115.384628,154.053940,6.263846,51.790215
2020-01-14,75.238441,86.574860,116.730202,152.968964,6.147010,51.345039
2020-01-15,74.916000,86.448318,114.980949,153.959625,6.104503,51.263416
2020-01-16,75.854424,87.014061,115.426674,156.780685,6.188026,51.063080
2020-01-17,76.694237,86.038887,116.225624,157.658142,6.196727,50.870163
2020-01-21,76.174484,84.349060,115.081856,157.092026,6.163418,50.143032
2020-01-22,76.446381,84.043877,114.947281,156.337234,6.217360,49.853653
2020-01-23,76.814537,84.192749,114.829575,157.299606,6.285721,49.542019
2020-01-24,76.593163,83.262238,111.978561,155.714493,6.226558,49.208122
2020-01-27,74.340919,82.175407,111.036667,153.110443,5.971013,48.035793
2020-01-28,76.443970,82.718842,113.055046,156.110779,6.164163,47.969025
2020-01-29,78.044106,82.160530,112.886841,158.544998,6.103756,47.568359
2020-01-30,77.931023,82.927261,114.282913,163.017136,6.110469,48.072906
2020-01-31,74.475662,79.756081,111.314209,160.611237,5.877296,46.091808
2020-02-03,74.271133,79.115883,112.163597,164.526764,5.974244,45.060463
2020-02-04,76.723099,79.540192,113.778328,169.942413,6.143282,44.496548
2020-02-05,77.348717,82.093506,115.712624,169.734894,6.233519,46.544415
2020-02-06,78.253479,81.505417,115.729424,173.254120,6.320274,45.913734
2020-02-07,77.189796,81.096024,115.359406,173.499420,6.254152,45.609531
2020-02-10,77.556404,81.728752,115.838768,178.037567,6.537041,45.127850
2020-02-11,77.088478,82.785828,116.057419,174.018372,6.659347,45.556839
2020-02-12,78.919174,83.403702,116.057419,174.273087,6.774936,46.113785
2020-02-13,78.357170,83.120804,115.956512,173.329636,6.731185,45.857895
2020-02-14,78.376472,82.902397,115.603279,174.876923,7.203746,45.647152
2020-02-18,76.941376,83.022896,114.072655,176.650696,7.372286,45.067631
2020-02-19,78.055687,83.399452,115.628525,177.180481,7.822971,45.413841
2020-02-20,77.254921,82.699051,115.628525,174.474747,7.673820,45.052570
2020-02-21,75.506233,82.096588,114.215637,168.959122,7.310140,44.503155
2020-02-24,71.919670,78.858192,111.146011,161.674332,6.793330,42.418358
2020-02-25,69.483604,75.845757,106.184128,159.006424,6.514172,40.792686
2020-02-26,70.585854,73.834938,106.503708,160.993179,6.653378,39.897041
2020-02-27,65.971786,70.890274,102.071663,149.649796,6.283014,37.496143
2020-02-28,65.933205,70.295334,97.648026,153.273254,6.717551,38.715408
2020-03-02,72.071617,72.742928,102.197800,163.471924,6.875746,40.551842
2020-03-03,69.782692,71.086105,98.362877,155.638443,6.613580,38.610039
2020-03-04,73.019547,74.203964,100.793358,161.352722,7.076724,39.452991
2020-03-05,70.650963,73.194801,95.848328,157.303558,6.797644,37.714413
2020-03-06,69.712746,71.786476,90.894844,152.856964,6.617313,35.893036
2020-03-09,64.199005,60.753426,78.582642,142.497467,6.104921,31.505188
2020-03-10,68.822716,63.999325,84.688278,152.241989,6.493940,32.671783
2020-03-11,66.432480,62.530754,80.701950,145.345184,6.130540,31.595503
2020-03-12,59.871960,57.432205,74.049683,131.560837,5.380360,27.982872
2020-03-13,67.045113,62.824467,87.387871,150.264725,5.990503,28.690351
2020-03-16,58.419956,52.491802,74.310394,128.117157,4.885131,25.958290
2020-03-17,60.988693,53.237385,78.851761,138.665848,5.404238,27.704401
2020-03-18,59.495686,41.458729,70.551132,132.828598,5.044817,24.927185
2020-03-19,59.039837,43.221012,71.736938,135.014038,5.297282,25.913134
2020-03-20,55.291660,44.727226,70.223145,129.943085,5.117697,24.641184
2020-03-23,54.117035,40.833652,66.463898,128.646973,5.290316,23.670292
2020-03-24,59.546356,50.119507,74.369263,140.340424,6.197947,26.673290
2020-03-25,59.218315,52.167957,77.144569,138.996964,6.109397,28.065662
2020-03-26,62.334568,57.522575,82.518509,147.691422,6.398427,29.217188
2020-03-27,59.753769,51.798943,76.639938,141.627045,6.286247,27.809771
2020-03-30,61.459023,54.186306,78.633102,151.589218,6.606120,28.223713
2020-03-31,61.333603,54.570385,75.714859,149.205124,6.556620,28.577463
2020-04-01,58.106403,51.633247,70.946419,143.907074,6.045971,28.246298
2020-04-02,59.076008,57.326782,73.595543,146.887207,6.354400,30.406353
2020-04-03,58.227009,56.566139,71.420227,145.534348,6.066865,29.510704
2020-04-06,63.306587,60.542561,76.017273,156.357437,6.676013,30.459038
2020-04-07,62.573338,60.941692,77.019974,154.673401,6.442950,31.038559
2020-04-08,64.174889,64.752457,80.130013,156.224960,6.639947,33.002934
2020-04-09,64.637970,63.494762,87.318756,156.234421,6.540454,32.461029
2020-04-13,65.906662,63.946617,83.435471,156.584488,6.712079,32.182560
2020-04-14,69.235153,63.720688,81.149681,164.332825,7.062794,31.934191
2020-04-15,68.603218,62.124065,77.147430,162.610992,6.985438,30.466558
2020-04-16,69.148315,60.241306,74.207344,167.492691,7.330183,29.465563
2020-04-17,68.210075,65.648628,80.877762,168.968613,7.270985,32.528778
2020-04-20,66.794266,62.937424,77.929199,165.619446,7.139901,30.993401
2020-04-21,64.729622,61.483936,75.668900,158.769928,6.703624,30.827822
2020-04-22,66.594086,63.592644,75.915321,164.162582,7.117516,31.708410
2020-04-23,66.335991,65.369995,75.957809,162.175781,7.064287,32.701881
2020-04-24,68.251091,65.528145,77.079453,165.136993,7.203080,32.912621
2020-04-27,68.299339,67.561539,80.401932,164.663956,7.389381,33.070667
2020-04-28,67.192230,67.712166,80.971252,160.652573,7.247106,33.845879
2020-04-29,69.399162,71.259323,83.155060,167.861649,7.423707,35.719929
2020-04-30,70.863243,69.286156,81.370605,169.545700,7.269990,34.974823
2020-05-01,69.722374,67.358200,79.237785,165.155930,7.033693,32.468567
2020-05-04,70.708862,68.864418,78.294571,169.195633,7.245365,33.778145
2020-05-05,71.770126,69.956436,78.175613,171.012070,7.306305,33.740517
2020-05-06,72.510612,67.817604,76.705574,172.696091,7.407041,33.108299
2020-05-07,73.260719,69.768166,77.504318,173.698944,7.583146,33.296467
2020-05-08,75.004448,71.899467,78.770424,174.720703,7.772928,34.756565
2020-05-11,76.184654,70.317940,76.450653,176.669617,8.024648,34.425404
2020-05-12,75.314026,68.608368,73.952415,172.667709,7.762980,33.849991
2020-05-13,74.404655,66.800903,71.403214,170.056625,7.740594,32.169765
2020-05-14,74.861771,67.817604,74.368805,170.794495,7.989826,32.453640
2020-05-15,74.419159,67.147331,72.992233,173.282669,8.447744,32.223473
2020-05-18,76.172569,70.723640,76.858536,174.938309,8.705932,34.785999
2020-05-19,75.732407,68.484619,75.345993,173.727356,8.760899,33.711887
2020-05-20,77.205276,71.067513,77.606293,176.137024,8.924566,34.809025
2020-05-21,76.629662,70.333885,76.620605,174.021423,8.730802,34.187569
2020-05-22,77.123047,68.988983,76.025764,174.097290,8.980531,34.218254
2020-05-26,76.600655,71.296776,81.421593,172.256836,8.673594,35.223324
2020-05-27,76.934395,71.755257,86.137619,172.484512,8.482069,35.476505
2020-05-28,76.968262,69.439827,84.854538,172.095581,8.444015,34.555824
2020-05-29,76.893288,70.074104,82.687706,173.850632,8.830544,34.885738
2020-06-01,77.838905,70.907013,83.783859,173.452209,8.761646,35.507195
2020-06-02,78.199272,72.358940,84.064270,175.425552,8.780552,36.297428
2020-06-03,78.629761,74.261719,88.601860,175.852402,8.725082,37.778183
2020-06-04,77.952560,73.573959,90.445793,173.537582,8.726077,37.670773
2020-06-05,80.172760,77.035645,94.516014,177.598114,8.878869,40.724327
2020-06-08,80.646767,78.892578,96.402435,178.698547,8.764400,41.997917
2020-06-09,83.193420,77.585831,93.929703,180.064667,9.004288,41.061909
2020-06-10,85.333794,74.567383,90.122871,186.743561,9.323556,38.859966
2020-06-11,81.236893,68.293579,82.602730,176.715775,8.755688,35.430470
2020-06-12,81.938225,70.601357,84.863029,178.110336,8.891309,36.190025
2020-06-15,82.951561,69.714928,86.035667,179.248795,9.131451,36.167004
2020-06-16,85.149979,71.854599,86.723938,183.641296,9.026685,36.980267
2020-06-17,85.031487,69.951820,84.531631,184.276917,9.193412,35.775723
2020-06-18,85.065353,70.257477,84.072792,186.250259,9.175497,35.998219
2020-06-19,84.579216,69.256432,83.112564,185.140259,9.218548,35.277023
2020-06-22,86.792122,69.990028,82.211868,190.282288,9.482822,35.614609
2020-06-23,88.644684,69.875420,83.214546,191.553543,9.406422,35.829437
2020-06-24,87.079926,66.971573,80.435928,187.692322,9.192914,34.141529
2020-06-25,88.235977,68.171318,83.240044,190.064056,9.446241,34.655567
2020-06-26,85.524864,66.069862,78.676979,186.259735,9.112786,33.466373
2020-06-29,87.495918,66.994492,79.025345,188.261536,9.157578,34.003441
2020-06-30,88.226288,68.186600,79.926056,193.071457,9.453957,34.310322
2020-07-01,88.059410,66.956291,79.246284,194.200394,9.486058,33.535416
2020-07-02,88.059410,67.483574,79.503708,195.680420,9.567927,33.819309
2020-07-06,90.415031,67.682243,81.511452,199.892685,9.793878,34.057140
2020-07-07,90.134491,65.955231,79.211983,197.568375,9.826232,33.174839
2020-07-08,92.233711,65.985802,80.052826,201.913437,10.168896,33.098110
2020-07-09,92.630371,63.227142,78.319626,203.326996,10.460542,31.732449
2020-07-10,92.792389,65.129921,82.601112,202.710297,10.430928,32.722168
2020-07-13,92.364319,65.259842,83.785202,196.448868,10.005898,32.729843
2020-07-14,93.892799,67.514137,84.265663,197.663254,10.329150,33.811626
2020-07-15,94.538536,67.926781,85.569870,197.369156,10.180090,34.241268
2020-07-16,93.375252,67.521782,85.810112,193.460434,10.088019,33.972744
2020-07-17,93.186607,66.627708,84.222778,192.473785,10.154461,33.389648
2020-07-20,95.150414,65.160500,83.484894,200.746506,10.462285,32.607086
2020-07-21,93.837181,69.837212,85.295288,198.042679,10.280871,34.256622
2020-07-22,94.100800,69.569740,84.677528,200.888809,10.390616,33.458698
2020-07-23,89.817673,69.546814,84.926353,192.151215,10.083042,33.527748
2020-07-24,89.595169,68.874352,84.325737,190.974838,10.147492,33.320606
2020-07-27,91.718590,69.569740,83.141670,193.394012,10.373446,33.811626
2020-07-28,90.211861,68.094910,83.502029,191.657898,10.168397,33.412670
2020-07-29,91.941093,68.828484,85.526947,193.593277,10.417246,33.780937
2020-07-30,93.053604,65.924667,83.244621,193.441452,10.565060,32.123730
2020-07-31,102.795242,64.144173,82.918602,194.494568,10.565804,32.284855
2020-08-03,105.385445,64.808968,82.455246,205.433105,10.959483,32.415276
2020-08-04,106.089211,66.092781,81.983345,202.349823,11.175980,33.351292
2020-08-05,106.473755,66.635338,83.407661,202.017776,11.234707,33.642841
2020-08-06,110.188560,66.841660,83.433388,205.252884,11.283232,33.481716
2020-08-07,107.683334,66.329666,85.269547,201.581360,11.147857,33.328262
2020-08-10,109.248497,68.568680,86.350639,197.568375,11.113517,34.149204
2020-08-11,105.999451,68.484619,89.079147,192.948090,10.799973,34.502121
2020-08-12,109.522255,69.325211,88.324089,198.460129,11.387499,34.494301
2020-08-13,111.460548,68.637459,87.835007,197.995316,11.390236,33.649357
2020-08-14,111.361214,69.042465,87.869347,198.184998,11.510679,33.797997
2020-08-17,111.070465,69.363403,85.552689,199.494202,12.280113,33.359879
2020-08-18,111.995979,67.929314,84.360054,200.642151,12.204214,33.195583
2020-08-19,112.136497,66.968109,84.557404,199.424866,12.082530,32.827866
2020-08-20,114.624763,65.743301,83.544952,204.065750,12.085015,32.327171
2020-08-21,120.531685,65.952606,83.502029,202.582199,12.625018,32.084629
2020-08-24,121.973267,67.595993,85.853020,203.219376,12.661594,33.031292
2020-08-25,120.972626,66.766548,86.230530,205.863159,12.691210,31.982924
2020-08-26,122.617737,65.720039,85.020729,210.313828,12.714102,31.302269
2020-08-27,121.151924,65.820839,87.817841,215.477814,12.570023,31.091036
2020-08-28,120.955666,66.378967,88.178215,217.693604,13.087124,31.834263
2020-08-31,125.057541,65.061142,85.964539,214.479218,13.312829,31.247499
2020-09-01,130.038910,64.402229,85.921646,216.133957,13.761387,30.848505
2020-09-02,127.344719,64.487518,87.217232,220.299377,14.284621,30.660742
2020-09-03,117.149368,63.782108,86.942680,206.652481,12.959362,30.598152
2020-09-04,117.226921,63.510792,88.821739,203.751968,12.568055,30.574677
2020-09-08,109.338120,61.216232,85.732880,192.729843,11.861615,29.870552
2020-09-09,113.699272,62.037933,86.547997,200.936996,12.660158,29.690611
2020-09-10,109.987457,60.580589,85.655678,195.307053,12.258648,28.947365
2020-09-11,108.543427,60.223999,86.719604,194.032730,12.112030,28.869133
2020-09-14,111.799721,59.913918,87.920822,195.345093,12.816730,28.681358
2020-09-15,111.974174,59.185253,85.183754,198.549957,12.934967,28.376244
2020-09-16,108.669426,60.898403,85.544113,195.002731,12.460525,29.581072
2020-09-17,106.934647,61.076710,84.565964,192.967575,12.409743,29.573256
2020-09-18,103.542671,60.627087,84.385803,190.571091,12.136677,29.096014
2020-09-21,106.682693,59.146492,81.777420,192.615707,12.463261,28.501419
2020-09-22,108.359306,58.549614,80.885078,197.256622,12.583242,27.797297
2020-09-23,103.814056,55.774456,79.572342,190.761261,12.071458,26.905399
2020-09-24,104.880074,55.658173,79.503708,193.233887,12.294743,26.850639
2020-09-25,108.814789,55.681427,80.198685,197.636978,12.818221,27.100990
2020-09-28,111.412079,57.309315,82.506737,199.177597,12.978776,27.625175
2020-09-29,110.568939,55.735687,81.811768,197.104462,13.168705,26.819342
2020-09-30,112.235847,55.813213,82.601112,200.024033,13.472141,26.858463
2020-10-01,113.185608,54.588406,83.201729,202.049637,13.555780,25.919630
2020-10-02,109.531967,55.185303,83.991119,196.086838,13.005912,25.802273
2020-10-05,112.904549,56.355843,85.766342,200.071564,13.583658,26.396872
2020-10-06,109.667641,56.045776,84.883072,195.820587,13.677253,26.123039
2020-10-07,111.528389,57.193031,86.363899,199.548538,13.903771,26.209101
2020-10-08,111.421783,58.309296,88.139137,200.261749,13.779059,27.586056
2020-10-09,113.360054,57.363567,87.636879,205.235474,13.703387,27.179234
2020-10-12,120.560753,57.758923,88.710686,210.551575,14.164640,27.093168
2020-10-13,117.362579,56.898453,87.273178,211.940079,14.186796,26.772398
2020-10-14,117.449799,56.549629,86.788216,210.038086,14.034453,26.717638
2020-10-15,116.984612,56.983734,88.087173,208.896866,13.909744,26.952343
2020-10-16,115.346771,56.503128,87.905334,208.896866,13.751926,26.678513
2020-10-19,112.400620,55.255077,86.424522,203.723389,13.439531,26.146515
2020-10-20,113.883377,55.565166,86.918106,204.132309,13.586642,26.365574
2020-10-21,113.263130,54.937252,86.052132,204.274994,13.466414,25.943096
2020-10-22,112.177696,56.898453,89.091705,204.360596,13.303370,27.273111
2020-10-23,111.489616,56.255058,89.897072,205.634888,13.531628,26.725460
2020-10-26,111.499313,54.991516,87.671509,199.786255,13.084569,26.091747
2020-10-27,113.001472,53.882999,86.017502,202.800903,13.338966,25.677094
2020-10-28,107.768127,51.844265,83.601425,192.748825,12.572536,24.699144
2020-10-29,111.760948,53.332615,84.147003,194.688873,12.967827,25.794451
2020-10-30,105.500351,53.875248,84.900383,192.549149,12.479941,25.520624
2020-11-02,105.413124,55.929485,86.814194,192.416031,12.526487,26.592459
2020-11-03,107.031578,55.611660,89.550674,196.315094,12.963344,26.138689
2020-11-04,111.402382,55.634911,86.814194,205.787064,13.734750,25.997866
2020-11-05,115.356445,55.921734,90.364700,212.348984,14.098924,25.950920
2020-11-06,115.225426,55.154305,89.160995,212.757919,14.499190,25.645796
2020-11-09,112.924576,61.549568,101.232712,207.689087,13.571956,28.892603
2020-11-10,112.584801,64.394493,100.903641,200.670700,12.714921,29.533594
2020-11-11,116.002037,63.921635,99.396828,205.939240,13.360126,29.229122
2020-11-12,115.730240,62.534050,98.175812,204.883621,13.398706,28.227573
2020-11-13,115.778786,64.363480,98.790665,205.901199,13.239648,28.908625
2020-11-16,116.788422,68.960297,101.579094,206.585892,13.456957,30.575203
2020-11-17,115.904968,68.464767,100.548584,203.951630,13.364356,30.983829
2020-11-18,114.584679,66.293793,99.803856,201.262817,13.370830,29.814020
2020-11-19,115.176872,67.434341,100.072311,202.540466,13.382280,29.966263
2020-11-20,113.914825,67.481537,99.214973,200.604919,13.031301,29.597692
2020-11-23,110.526695,71.603256,102.072716,200.337906,13.083325,31.536678
2020-11-24,111.808136,75.213715,106.792282,203.913483,12.901860,33.635925
2020-11-25,112.643082,72.476387,105.675171,203.923035,13.177664,32.698479
2020-11-27,113.186722,71.823502,104.973732,205.219833,13.204049,32.201706
2020-11-30,115.574905,68.574905,102.081360,204.113739,13.343698,30.551163
2020-12-01,119.137794,68.787262,103.692093,206.154190,13.332247,30.847614
2020-12-02,119.487267,70.690819,105.683823,205.353287,13.486079,32.001400
2020-12-03,119.351364,70.635757,104.991043,204.275818,13.342158,32.217735
2020-12-04,118.681488,73.373108,105.943634,204.390244,13.503759,33.395550
2020-12-07,120.137711,71.390884,105.545273,204.323502,13.552061,32.770588
2020-12-08,120.749313,72.004425,105.649200,205.963531,13.296345,33.844231
2020-12-09,118.225197,71.139168,104.826523,201.949341,12.878780,34.292931
2020-12-10,119.642593,73.428146,104.151054,200.728851,12.920115,35.262424
2020-12-11,118.836830,72.720238,103.536209,203.341446,12.960948,35.094170
2020-12-14,118.225197,70.352592,102.445107,204.237717,13.255262,33.828213
2020-12-15,124.147156,70.297531,104.194366,204.170959,13.306804,34.485237
2020-12-16,124.079185,69.762642,104.497444,209.081451,13.189281,35.014053
2020-12-17,124.943214,69.542389,103.631462,209.214951,13.287630,34.837776
2020-12-18,122.962769,68.582764,103.120544,208.423508,13.218658,34.236847
2020-12-21,124.486923,67.717522,106.991478,212.237442,13.278666,33.611885
2020-12-22,128.030411,66.356720,105.363426,213.524689,13.224885,33.043007
2020-12-23,127.137253,67.402878,108.307739,210.740540,12.956964,33.467663
2020-12-24,128.117767,67.119698,107.831459,212.390030,12.941525,33.331455
2020-12-28,132.699997,66.781487,108.541550,214.497269,12.848154,33.443615
2020-12-29,130.933090,66.553352,108.255791,213.724930,12.891229,33.067047
2020-12-30,129.816696,67.119698,108.558891,211.369827,13.092916,33.331455
