# Global financial crisis: the quant quake, Bear Stearns, Lehman, and the March 2009 bottom.
# Adjusted daily closes, 2007-07-01 to 2009-12-31. 631 sessions common to all six names.
# Source: Yahoo Finance chart endpoint, fetched by tools/fetch_crisis_data.py. Committed so this backtest reproduces with no network and no credentials.
date,AAPL,CVX,JPM,MSFT,NVDA,XOM
2007-07-02,3.626842,40.251484,30.128927,21.044998,0.656722,43.316330
2007-07-03,3.803609,40.809288,30.481060,21.243137,0.657790,43.592098
2007-07-05,3.970502,40.922741,30.141279,21.221907,0.664811,43.489975
2007-07-06,3.957046,41.447433,30.252470,21.207752,0.668016,44.153854
2007-07-09,3.898124,42.307793,30.141279,21.136988,0.687399,44.654331
2007-07-10,3.958540,42.071419,29.350527,20.754868,0.694114,44.174316
2007-07-11,3.959735,42.898678,29.733553,20.868090,0.691062,44.577736
2007-07-12,4.009984,44.104092,30.598436,21.278521,0.704340,45.767639
2007-07-13,4.119453,44.118279,30.919670,21.101610,0.700066,46.130234
2007-07-16,4.130521,43.546288,30.783772,21.250214,0.712733,45.808495
2007-07-17,4.154748,43.064110,30.839369,21.780933,0.709681,45.496971
2007-07-18,4.131118,44.000092,30.196894,21.880007,0.696708,46.548977
2007-07-19,4.187347,43.962292,30.036253,22.297516,0.695946,47.131153
2007-07-20,4.299510,43.546288,29.381426,22.049828,0.688315,46.952435
2007-07-23,4.298014,43.758999,29.128147,22.071062,0.695183,47.718441
2007-07-24,4.034509,42.473225,28.009960,21.795088,0.676868,46.390667
2007-07-25,4.105397,43.040497,27.966709,21.731400,0.673663,47.386501
2007-07-26,4.366807,41.343456,27.231560,21.214834,0.677020,45.057770
2007-07-27,4.302500,40.275116,27.324228,20.797325,0.675342,43.709568
2007-07-30,4.230119,40.856556,27.645468,20.804407,0.694267,43.924061
2007-07-31,3.940892,40.303474,27.188322,20.514277,0.698387,43.474651
2007-08-01,4.037799,40.260925,27.416895,20.733643,0.693198,43.837234
2007-08-02,4.082365,39.655857,27.546616,20.889313,0.690146,43.500172
2007-08-03,3.943585,38.299179,26.965918,20.493044,0.649244,41.917042
2007-08-06,4.045278,38.771904,27.867863,20.903465,0.654738,42.662678
2007-08-07,4.038697,39.320240,28.009960,20.910549,0.665116,43.765747
2007-08-08,4.008188,39.863865,28.732748,21.228981,0.695792,44.889263
2007-08-09,3.780278,38.341717,27.287148,20.733643,0.704034,42.863968
2007-08-10,3.738705,39.433693,27.336576,20.316141,0.671374,43.330582
2007-08-13,3.822151,38.975166,27.077126,20.259525,0.664048,42.515335
2007-08-14,3.709692,38.975166,26.749689,20.074892,0.689840,42.622997
2007-08-15,3.586165,38.446712,26.564360,19.954174,0.660690,41.884663
2007-08-16,3.500922,38.746655,28.090269,19.748251,0.649702,41.361694
2007-08-17,3.650769,40.160564,29.041639,20.060694,0.688009,43.140862
2007-08-20,3.655556,40.412846,28.720390,20.067801,0.685261,43.340813
2007-08-21,3.815571,40.131989,28.541239,19.932865,0.722348,42.633247
2007-08-22,3.963326,40.650879,28.417679,20.039387,0.738831,42.853733
2007-08-23,3.920254,40.693756,28.213814,20.096195,0.732574,42.940887
2007-08-24,4.046773,41.522064,28.386799,20.458353,0.736390,43.935596
2007-08-27,3.955548,41.417355,27.744310,20.231127,0.753025,43.643337
2007-08-28,3.793139,40.131989,26.935017,19.833458,0.707087,42.556328
2007-08-29,4.010283,41.274540,27.262434,20.302135,0.747225,43.699711
2007-08-30,4.075188,41.507812,27.163605,20.202721,0.742952,43.786907
2007-08-31,4.141885,41.779160,27.503382,20.401546,0.780802,43.956085
2007-09-04,4.311773,42.240944,27.985243,20.458353,0.804916,44.725208
2007-09-05,4.090441,42.064808,27.287148,20.224024,0.798811,44.720047
2007-09-06,4.038098,42.336159,27.311865,20.529367,0.802321,44.858479
2007-09-07,3.941192,41.726780,26.885607,20.195616,0.773019,43.966331
2007-09-10,4.088945,41.441162,27.138885,20.224024,0.775155,43.510014
2007-09-11,4.052455,42.174278,27.515736,20.543562,0.791638,44.576488
2007-09-12,4.093135,42.459927,27.472483,20.543562,0.760503,44.940514
2007-09-13,4.103600,42.888371,28.170584,20.706892,0.760732,45.437855
2007-09-14,4.151756,43.154968,28.133507,20.621675,0.738297,45.463520
2007-09-17,4.139791,43.288277,27.979071,20.401546,0.736695,45.766010
2007-09-18,4.214865,44.435562,29.542034,20.543562,0.801253,47.047840
2007-09-19,4.210379,44.802143,29.387590,20.358948,0.786601,47.232426
2007-09-20,4.196619,44.830708,29.010756,20.181414,0.782023,47.217026
2007-09-21,4.311473,45.149662,29.115770,20.344732,0.789577,47.329842
2007-09-24,4.434999,44.916397,28.627733,20.650093,0.809723,47.032455
2007-09-25,4.581557,43.740509,28.479445,20.990944,0.820025,47.150391
2007-09-26,4.569294,44.040443,28.498007,20.948336,0.839484,47.360588
2007-09-27,4.621038,44.516499,28.547422,20.941233,0.842002,47.668247
2007-09-28,4.590232,44.549824,28.306479,20.919937,0.829640,47.458004
2007-10-01,4.676071,44.959263,28.918104,21.140064,0.864666,48.170685
2007-10-02,4.739180,44.064259,29.134300,21.090353,0.856425,47.293930
2007-10-03,4.723330,43.550125,29.271315,20.912832,0.820025,46.827362
2007-10-04,4.673080,43.721485,29.427015,21.097458,0.823688,46.617138
2007-10-05,4.828909,43.950008,29.632544,21.189775,0.845436,46.842751
2007-10-08,5.022126,43.597713,29.545340,21.189775,0.859172,46.494091
2007-10-09,5.020629,44.178493,29.626310,21.374403,0.844063,47.514408
2007-10-10,4.988627,43.835751,29.215271,21.466724,0.844978,47.750275
2007-10-11,4.852241,43.321594,29.059578,21.239475,0.807434,47.509296
2007-10-12,5.002387,43.516788,29.159212,21.424122,0.827122,47.929729
2007-10-15,4.994310,43.954742,28.816675,21.331795,0.833074,48.616776
2007-10-16,5.072076,44.487938,28.094233,21.530630,0.840629,48.575745
2007-10-17,5.166890,44.397503,28.878965,22.070316,0.905187,48.606514
2007-10-18,5.189321,43.997593,28.586252,22.127115,0.904500,48.734688
2007-10-19,5.097199,42.498024,28.038193,21.424122,0.855967,47.242653
2007-10-22,5.215044,42.102875,28.256165,21.665546,0.896488,46.612011
2007-10-23,5.567976,42.331390,28.611156,21.942497,0.900837,46.837605
2007-10-24,5.561097,42.797924,28.816675,22.191025,0.870390,47.237545
2007-10-25,5.466882,43.431084,28.679663,22.716515,0.794385,46.950439
2007-10-26,5.524310,43.631035,29.470610,24.875256,0.787517,47.278561
2007-10-29,5.535973,44.216591,29.065800,24.548611,0.768974,47.996372
2007-10-30,5.593102,42.883644,28.997290,25.258724,0.797132,46.729935
2007-10-31,5.681334,43.564396,29.271315,26.139257,0.809952,47.165760
2007-11-01,5.606262,42.388504,27.602251,26.316788,0.809952,45.376347
2007-11-02,5.619122,42.121948,26.873562,26.316788,0.841086,45.084091
2007-11-05,5.568573,42.121948,26.636904,26.082447,0.841086,44.945663
2007-11-06,5.736369,43.150223,27.471434,25.855217,0.867642,46.340256
2007-11-07,5.572163,41.674423,26.306828,25.223215,0.826435,44.883621
2007-11-08,5.248242,42.455177,26.537260,24.669336,0.774697,46.026291
2007-11-09,4.946155,41.541119,26.350416,23.952114,0.763708,44.703453
2007-11-12,4.598905,40.593765,26.400240,23.703569,0.687475,43.514465
2007-11-13,5.083439,41.336414,28.056873,24.551407,0.748141,44.718910
2007-11-14,4.968289,41.288483,28.119154,24.173801,0.736466,44.425514
2007-11-15,4.914152,40.334763,27.110224,24.052675,0.726622,43.488731
2007-11-16,4.976663,41.207020,26.836185,24.287794,0.742876,43.802689
2007-11-19,4.903683,40.751728,25.764982,24.195169,0.692740,43.293114
2007-11-20,5.050241,42.127216,25.926912,24.636900,0.687475,45.202740
2007-11-21,5.038578,41.096786,25.335257,24.387527,0.680149,44.801277
2007-11-23,5.130699,41.537704,26.126211,24.302050,0.691825,45.444668
2007-11-26,5.160609,40.157425,25.198244,23.489838,0.675799,44.101227
2007-11-27,5.228503,40.406658,26.375330,23.553951,0.704874,44.461529
2007-11-28,5.390314,41.245354,27.378016,24.009932,0.752033,45.254211
2007-11-29,5.512046,41.485001,27.184963,23.931561,0.758214,45.599060
2007-11-30,5.450134,42.064915,28.411858,23.938681,0.722043,45.892471
2007-12-03,5.349636,42.098434,28.156521,23.454206,0.732574,45.732899
2007-12-04,5.378052,41.772564,27.496361,23.347349,0.731887,45.357159
2007-12-05,5.548235,42.798172,27.963451,24.330534,0.769889,46.283649
2007-12-06,5.681334,43.795040,28.779314,24.615522,0.785457,47.066036
2007-12-07,5.811442,43.593739,28.698341,24.601278,0.775613,47.096931
2007-12-10,5.808748,43.957989,29.532887,24.765139,0.784083,47.369709
2007-12-11,5.639163,43.080933,28.611156,24.294910,0.784999,46.468960
2007-12-12,5.708552,43.986748,28.741945,24.558533,0.812013,47.313080
2007-12-13,5.737562,44.609787,28.499056,25.092865,0.789807,47.724873
2007-12-14,5.694495,44.101765,28.150288,25.156994,0.802855,46.932186
2007-12-17,5.515336,43.124081,27.733027,24.501528,0.761877,46.268192
2007-12-18,5.472863,43.703995,27.340649,24.750891,0.781336,47.055725
2007-12-19,5.477051,43.564995,27.390490,24.786512,0.788662,47.060886
2007-12-20,5.599383,44.116154,26.985666,25.306608,0.805144,47.421177
2007-12-21,5.799778,45.069874,27.471434,25.691334,0.804916,48.090324
2007-12-24,5.946037,45.280762,27.919857,26.061817,0.819109,48.208698
2007-12-26,5.950521,45.453304,27.988361,26.083200,0.830098,48.800629
2007-12-27,5.939155,44.930897,27.178730,25.627222,0.804458,48.213844
2007-12-28,5.976841,45.462868,26.942078,25.734083,0.796445,48.898411
2007-12-31,5.924500,44.729610,27.184963,25.363592,0.778818,48.224144
2008-01-02,5.827592,44.791904,26.493874,25.092865,0.755696,48.131493
2008-01-03,5.830283,45.343063,26.311666,25.199749,0.749744,48.296207
2008-01-04,5.385228,44.739182,25.714819,24.494402,0.686788,47.395439
2008-01-07,5.313148,44.154480,25.972412,24.658262,0.615820,46.952778
2008-01-08,5.122024,43.588955,24.942057,23.831818,0.628869,46.350555
2008-01-09,5.365788,44.365341,25.293890,24.537151,0.661377,47.127781
2008-01-10,5.324512,44.044250,25.966125,24.458780,0.647641,47.179256
2008-01-11,5.165094,43.454777,25.670853,24.159554,0.619254,46.479252
2008-01-14,5.347244,43.569771,25.984978,24.501528,0.660461,46.752048
2008-01-15,5.055923,42.304539,24.609077,24.223660,0.611928,45.820404
2008-01-16,4.774775,41.336418,26.028955,23.675076,0.542792,44.538750
2008-01-17,4.812160,39.659000,25.155668,23.589565,0.533406,43.190174
2008-01-18,4.826218,39.999283,24.872950,23.518333,0.568660,43.792393
2008-01-22,4.655133,38.940102,25.670853,22.770245,0.540273,42.438686
2008-01-23,4.159533,39.035954,28.724211,22.748873,0.550117,42.953411
2008-01-24,4.055745,40.099926,28.246725,23.689318,0.592240,44.265934
2008-01-25,3.888550,39.213280,27.417418,23.468454,0.571179,43.205627
2008-01-28,3.888550,39.711704,28.629967,23.311724,0.564311,43.818138
2008-01-29,3.934314,39.587120,29.811106,23.226219,0.581710,43.792393
2008-01-30,3.953455,39.889053,29.748272,22.941238,0.576673,43.895340
2008-01-31,4.048569,39.898632,29.779692,23.226219,0.562937,44.111526
2008-02-01,4.000415,39.534386,30.313721,21.694435,0.614904,44.240211
2008-02-04,3.937602,39.309135,29.038342,21.509190,0.595674,43.977703
2008-02-05,3.869110,38.216419,27.574486,20.711241,0.558359,42.263683
2008-02-06,3.648975,37.147659,27.467678,20.319386,0.556527,41.918827
2008-02-07,3.626244,37.737156,28.340956,20.034397,0.562022,42.332390
2008-02-08,3.753062,37.986382,27.530504,20.347883,0.572095,42.239323
2008-02-11,3.871802,38.547100,27.235228,20.098520,0.573926,43.019894
2008-02-12,3.734517,38.877808,27.210102,20.191143,0.595217,43.619549
2008-02-13,3.870306,39.640480,27.706429,20.632875,0.618567,44.193356
2008-02-14,3.812282,39.988037,26.770317,20.305130,0.517609,44.224373
2008-02-15,3.727638,40.354900,27.172394,20.248135,0.509826,44.131332
2008-02-19,3.654358,40.948662,26.908535,20.148008,0.502271,44.979115
2008-02-20,3.703410,41.677532,27.109564,20.183769,0.498608,45.542576
2008-02-21,3.635217,40.924507,27.059301,20.097937,0.487391,44.932583
2008-02-22,3.573005,41.233440,27.599615,19.797541,0.510970,45.061817
2008-02-25,3.581379,42.083023,27.662428,19.911978,0.510741,46.075027
2008-02-26,3.563732,42.536777,27.467678,20.298197,0.515091,46.467903
2008-02-27,3.677689,42.585049,27.901184,20.212374,0.523104,46.209450
2008-02-28,3.885562,42.971218,26.663504,19.976353,0.503416,46.204254
2008-02-29,3.739302,41.832016,25.538910,19.454224,0.489680,44.979115
2008-03-03,3.640899,42.092686,25.017448,19.304028,0.483957,45.361675
2008-03-04,3.727338,41.865795,24.621641,19.733177,0.479149,44.813686
2008-03-05,3.723449,42.860180,24.338926,20.112244,0.484643,45.072174
2008-03-06,3.616972,42.382298,23.478203,19.718868,0.454196,43.686756
2008-03-07,3.656452,41.156193,23.597578,19.933437,0.447557,42.642532
2008-03-10,3.579883,40.900387,22.919048,20.062178,0.421917,42.627029
2008-03-11,3.808991,42.556068,24.401751,20.941912,0.435882,44.808514
2008-03-12,3.769512,41.865795,24.257248,20.477015,0.423977,44.441505
2008-03-13,3.826639,42.015450,23.943140,20.469864,0.450991,44.999779
2008-03-14,3.786858,41.194824,22.956743,19.997810,0.419399,44.410461
2008-03-17,3.790448,40.639713,25.325300,20.240993,0.408868,44.348442
2008-03-18,3.972596,41.571350,26.833128,21.042042,0.434279,45.733845
2008-03-19,3.878381,39.529469,26.682352,20.469864,0.404289,43.645405
2008-03-20,3.986055,40.166637,28.881279,20.870384,0.423977,43.940063
2008-03-24,4.173290,40.552803,29.245659,20.863235,0.458546,44.431152
2008-03-25,4.216662,40.808659,28.937819,20.841772,0.465185,44.043449
2008-03-26,4.338691,41.011395,27.712698,20.426941,0.450304,44.591396
2008-03-27,4.194827,40.741070,26.927368,20.062178,0.443894,44.560383
2008-03-28,4.277377,40.789345,26.833128,19.962048,0.450533,44.053791
2008-03-31,4.292032,41.204479,26.983908,20.298197,0.453051,43.722950
2008-04-01,4.472388,41.870632,29.528387,21.099258,0.480752,44.984291
2008-04-02,4.411372,42.242313,29.287704,20.856081,0.466100,45.759686
2008-04-03,4.534599,42.343685,29.313030,20.741638,0.457401,45.609798
2008-04-04,4.578566,42.502991,28.863327,20.856081,0.429929,45.873428
2008-04-07,4.662613,42.609184,28.844324,20.856081,0.440231,45.966476
2008-04-08,4.571387,43.096722,28.413628,20.562840,0.437713,46.323174
2008-04-09,4.529515,43.420147,28.058914,20.662968,0.446412,46.369675
2008-04-10,4.622533,43.251194,27.780237,20.820320,0.455112,46.292156
2008-04-11,4.400905,42.865017,26.937841,20.226677,0.424206,45.811398
2008-04-14,4.420044,43.106377,26.285444,20.069326,0.410013,46.369675
2008-04-15,4.437990,43.526321,26.678154,20.205223,0.414820,46.938320
2008-04-16,4.597111,44.375923,28.476961,20.705885,0.431303,48.018719
2008-04-17,4.620739,44.404873,28.578310,20.898993,0.425351,48.272045
2008-04-18,4.816648,44.979309,28.983662,21.456873,0.435424,48.592545
2008-04-21,5.029603,44.747589,28.647991,21.757269,0.454883,48.726929
2008-04-22,4.791524,45.389618,28.914007,21.635681,0.446412,48.794147
2008-04-23,4.871979,45.606842,28.597311,22.493954,0.467932,48.706264
2008-04-24,5.052933,44.602798,29.750074,22.744289,0.456714,47.868832
2008-04-25,5.076562,44.742764,30.269455,21.335291,0.461293,47.796429
2008-04-28,5.151637,44.651054,29.984428,20.734497,0.453051,47.791279
2008-04-29,5.235682,45.732330,29.819736,20.484163,0.462437,47.450089
2008-04-30,5.202780,46.412971,30.180775,20.398336,0.470450,48.111782
2008-05-01,5.383733,45.828892,31.194176,21.027737,0.492198,46.369675
2008-05-02,5.411848,46.012299,30.820490,20.913300,0.515549,46.323174
2008-05-05,5.525206,46.157124,30.402460,20.798868,0.502729,46.271465
2008-05-06,5.582933,46.760517,30.529133,21.242310,0.515778,46.560963
2008-05-07,5.461199,45.993004,29.496716,20.891844,0.503874,45.914772
2008-05-08,5.535077,47.035660,29.167355,20.934759,0.502500,46.488586
2008-05-09,5.486923,47.011528,29.496716,21.020578,0.515778,46.119904
2008-05-12,5.627797,46.997032,29.921078,21.449722,0.501126,46.312046
2008-05-13,5.681635,47.175671,28.806322,21.377935,0.490825,46.566486
2008-05-14,5.570969,47.170811,29.078678,21.485613,0.505247,46.685898
2008-05-15,5.674754,47.860855,29.781738,21.858906,0.544394,47.407658
2008-05-16,5.611645,48.779308,29.471388,21.528687,0.558817,48.119019
2008-05-19,5.491409,49.663719,29.129349,21.148222,0.547141,48.996567
2008-05-20,5.560199,50.096218,27.678911,20.645708,0.532948,49.100414
2008-05-21,5.329597,50.062210,26.868172,20.279610,0.528598,48.638294
2008-05-22,5.295501,49.522812,27.267202,20.437532,0.541418,48.035950
2008-05-23,5.418727,48.949375,26.804834,20.136032,0.529056,47.096107
2008-05-27,5.576053,48.390541,27.241863,20.415998,0.534779,46.628765
2008-05-28,5.593400,48.798744,27.146856,20.229361,0.539816,46.955894
2008-05-29,5.583828,48.040672,27.596560,20.322678,0.538442,46.395119
2008-05-30,5.645442,48.181610,27.235540,20.329859,0.565456,46.088783
2008-06-02,5.566184,48.288517,26.697144,19.956566,0.567745,45.595474
2008-06-03,5.544348,47.554722,26.532467,19.604820,0.548515,44.505051
2008-06-04,5.538965,46.670311,26.367790,19.769924,0.554925,44.525810
2008-06-05,5.665779,48.589794,26.665491,20.315506,0.568890,46.374317
2008-06-06,5.552424,48.351662,25.392378,19.734028,0.550804,45.065849
2008-06-09,5.431886,49.177784,23.758249,19.891962,0.542334,46.249748
2008-06-10,5.552424,48.001816,24.252289,20.021175,0.510284,45.637028
2008-06-11,5.407962,48.312801,23.517565,19.468424,0.486475,46.010876
2008-06-12,5.182143,47.651932,24.074949,20.272425,0.489451,45.206051
2008-06-13,5.155524,48.303101,25.069359,20.868252,0.487849,45.881065
2008-06-16,5.289217,48.346809,25.297367,20.767754,0.481210,45.688927
2008-06-17,5.426504,48.774467,24.727320,20.674435,0.469534,46.016064
2008-06-18,5.346348,48.235050,24.537317,20.430357,0.455798,45.605846
2008-06-19,5.410652,47.068783,24.480314,20.767754,0.454654,44.546581
2008-06-20,5.242261,46.952156,23.979942,20.265249,0.452364,44.089645
2008-06-23,5.179153,48.137856,23.352890,20.078598,0.442978,45.538361
2008-06-24,5.181845,47.933773,23.891270,19.906313,0.457630,45.133331
2008-06-25,5.305669,48.283638,24.011610,20.351391,0.460148,45.486427
2008-06-26,5.032595,47.336067,23.004522,19.920675,0.436568,44.868530
2008-06-27,5.087329,47.525570,22.200119,19.834539,0.441376,44.941212
2008-06-30,5.008069,48.171879,21.731422,19.748383,0.428556,45.761631
2008-07-01,5.224614,48.147572,21.789062,19.288956,0.429243,45.875881
2008-07-02,5.030203,47.340927,22.160540,18.578276,0.412760,45.387775
2008-07-03,5.088227,47.928894,22.615288,18.650055,0.285933,45.834328
2008-07-07,5.238971,47.049343,21.801878,18.685953,0.277005,45.148914
2008-07-08,5.370275,46.548824,22.909906,18.556738,0.275402,44.624485
2008-07-09,5.211753,45.635246,21.955589,18.111662,0.270595,43.778084
2008-07-10,5.282938,46.772350,22.102892,18.269592,0.269908,44.686779
2008-07-11,5.161803,44.828571,21.238256,18.126017,0.267160,44.385624
2008-07-14,5.200685,45.095814,20.296749,18.054234,0.255027,44.354465
2008-07-15,5.073868,43.453346,19.867632,18.772097,0.257775,42.677277
2008-07-16,5.168684,41.980907,23.018774,19.568926,0.259148,41.960720
2008-07-17,5.138773,41.631042,26.131508,19.755564,0.260064,41.711468
2008-07-18,4.939575,41.815701,25.631927,18.563925,0.264642,42.339767
2008-07-21,4.973672,42.233616,24.754477,18.405981,0.266245,43.087467
2008-07-22,4.845958,41.611603,26.169935,18.520840,0.260522,43.025185
2008-07-23,4.972776,40.163479,26.874451,18.973093,0.268305,42.054180
2008-07-24,4.756529,39.847614,25.068306,18.262415,0.252509,41.955524
2008-07-25,4.848949,40.119751,25.311693,18.779272,0.264642,42.422836
2008-07-28,4.618046,40.085720,24.120398,18.305487,0.263956,41.893208
2008-07-29,4.698205,40.255814,26.099497,18.743382,0.266703,42.007431
2008-07-30,4.781952,42.403683,26.624680,18.829529,0.262811,43.814438
2008-07-31,4.754137,41.091640,26.022625,18.463413,0.261895,41.763390
2008-08-01,4.685643,40.970165,26.105885,18.262415,0.248159,41.394711
2008-08-04,4.583052,40.236362,25.708792,18.147554,0.242207,39.774670
2008-08-05,4.804684,40.085720,26.829622,18.815168,0.256172,40.683346
2008-08-06,4.910861,41.091640,26.509384,19.396641,0.263040,40.672985
2008-08-07,4.892319,40.542519,25.497429,19.662243,0.258919,40.210838
2008-08-08,5.071177,41.013874,26.304440,20.193455,0.251822,40.875469
2008-08-11,5.191113,40.858398,26.829622,20.028360,0.257088,40.791965
2008-08-12,5.285930,40.605690,24.286934,20.186285,0.253425,40.123928
2008-08-13,5.362796,41.908035,23.640045,20.035534,0.280667,40.797184
2008-08-14,5.363396,42.073257,24.216471,20.035534,0.297608,40.421417
2008-08-15,5.256318,41.250683,24.383005,19.963737,0.296692,40.223083
2008-08-18,5.245851,40.731678,23.531172,19.877607,0.302645,39.941280
2008-08-19,5.190218,41.475914,22.788218,19.690216,0.307223,40.682369
2008-08-20,5.259311,42.332745,23.697695,19.668585,0.322333,41.131199
2008-08-21,5.212948,43.341347,23.223740,19.589314,0.311802,41.934933
2008-08-22,5.287724,43.135715,24.126816,20.064997,0.311573,41.908852
2008-08-25,5.160905,41.867630,23.140471,19.935263,0.306994,41.079025
2008-08-26,5.193508,42.004688,23.447899,19.654184,0.299669,41.726177
2008-08-27,5.224314,42.411091,23.787354,19.863188,0.301958,41.997566
2008-08-28,5.196501,42.685287,24.901796,20.137062,0.300813,42.368114
2008-08-29,5.070580,42.264206,24.651997,19.668585,0.289367,41.757484
2008-09-02,4.970681,40.780647,24.972248,19.531660,0.282041,40.353565
2008-09-03,4.993711,41.216419,25.433386,19.387508,0.266932,40.718895
2008-09-04,4.822031,39.767117,24.280527,18.991112,0.263269,39.737728
2008-09-05,4.790926,39.277493,25.362930,18.486601,0.267160,39.466328
2008-09-08,4.723330,39.683910,26.611864,18.825348,0.256172,40.066525
2008-09-09,4.536693,38.577335,25.279665,18.810934,0.247473,38.234634
2008-09-10,4.534599,39.737751,25.234837,19.055984,0.247702,39.273224
2008-09-11,4.565707,40.540722,26.675913,19.704624,0.235797,39.435032
2008-09-12,4.454741,41.245781,26.368483,19.906445,0.233279,40.447521
2008-09-15,4.198116,39.213860,23.697695,19.329847,0.212904,38.229412
2008-09-16,4.183760,40.080479,26.093069,18.731647,0.219543,39.889080
2008-09-17,3.823347,39.194283,22.909906,17.708218,0.228929,39.288879
2008-09-18,4.010584,40.579910,25.811274,18.205519,0.249304,40.577988
2008-09-19,4.214567,42.988842,30.134483,18.133451,0.261208,41.548748
2008-09-22,3.919657,42.758720,26.131508,18.306423,0.255714,41.167744
2008-09-23,3.793737,41.843109,25.977795,18.335255,0.248388,40.546669
2008-09-24,3.849670,41.730507,25.939363,18.537048,0.257546,40.724113
2008-09-25,3.945978,42.827274,27.835167,19.178499,0.262582,42.101948
2008-09-26,3.835611,42.572674,30.896660,19.747873,0.267619,42.091522
2008-09-29,3.148288,37.945732,26.259600,18.025335,0.231219,38.652172
2008-09-30,3.399529,40.384060,29.910336,19.236153,0.245183,40.531006
2008-10-01,3.263739,40.246964,31.786924,19.084810,0.238315,41.011173
2008-10-02,2.993954,38.954342,32.174175,18.919043,0.213591,40.447521
2008-10-03,2.903329,38.866219,29.624773,18.969492,0.206723,40.677151
2008-10-06,2.935332,37.622589,28.398466,17.953268,0.179710,40.353565
2008-10-07,2.666742,35.913799,25.377918,16.742451,0.165745,39.701191
2008-10-08,2.685586,35.791393,25.365002,16.583889,0.169179,40.186573
2008-10-09,2.654181,31.335825,23.674007,16.072174,0.158419,35.489426
2008-10-10,2.895252,28.314871,26.875275,15.495591,0.155901,32.545887
2008-10-13,3.297836,34.219707,27.101192,18.378494,0.184288,38.140694
2008-10-14,3.112994,33.558704,26.275036,17.369482,0.180167,37.817108
2008-10-15,2.929649,29.367552,24.842203,16.331638,0.160708,32.540672
2008-10-16,3.047492,30.895178,26.133047,17.434347,0.176276,36.246197
2008-10-17,2.913198,30.527954,25.384359,17.246954,0.175131,35.510300
2008-10-20,2.944303,34.082619,26.242764,17.816328,0.178565,39.137520
2008-10-21,2.736431,32.706768,25.648979,16.836149,0.164829,37.316097
2008-10-22,2.897346,30.229290,23.990248,15.517214,0.158648,33.699295
2008-10-23,2.938023,32.692081,24.429142,16.086582,0.149720,36.736786
2008-10-24,2.882690,31.291769,22.867229,15.827133,0.151322,36.032215
2008-10-27,2.754378,30.214600,21.944284,15.264966,0.159564,34.492599
2008-10-28,2.988271,34.283360,24.267792,16.648748,0.183601,39.069687
2008-10-29,3.127051,34.763180,23.047943,16.576677,0.189553,38.960094
2008-10-30,3.321166,36.320194,24.280699,16.310013,0.197566,39.168842
2008-10-31,3.217977,36.525822,26.623568,16.093798,0.200542,38.683472
2008-11-03,3.199134,36.080292,26.287954,16.302814,0.193216,38.772209
2008-11-04,3.319670,38.283569,27.217358,16.958664,0.205579,40.442303
2008-11-05,3.089665,36.662937,25.313362,15.913617,0.194819,38.459061
2008-11-06,2.964044,34.327423,24.693762,15.048742,0.174444,36.512356
2008-11-07,2.938321,35.967659,24.364599,15.495591,0.199626,38.816696
2008-11-10,2.867736,36.398525,23.499735,15.351454,0.186806,38.853443
2008-11-11,2.834536,36.006828,23.461016,15.279375,0.178565,38.134323
2008-11-12,2.695457,32.941788,22.312168,14.630727,0.168034,36.181664
2008-11-13,2.884485,37.069309,24.003162,15.315411,0.181770,39.583061
2008-11-14,2.699045,35.893902,22.247623,14.457749,0.164142,38.674976
2008-11-17,2.636235,34.955566,21.150410,13.924416,0.160708,38.517506
2008-11-18,2.689175,36.249496,20.743793,14.236420,0.155443,40.065983
2008-11-19,2.580902,34.871609,18.375101,13.271363,0.142623,38.538506
2008-11-20,2.407427,31.804729,15.089912,12.719906,0.135068,35.961235
2008-11-21,2.469938,34.812355,14.663943,14.279962,0.146057,39.793007
2008-11-24,2.780099,36.693974,17.800674,15.012823,0.155672,41.362492
2008-11-25,2.715795,37.795288,19.214142,14.504899,0.160022,41.000313
2008-11-26,2.841414,39.474415,19.762756,14.867707,0.174215,42.459530
2008-11-28,2.771725,39.020050,20.433990,14.671793,0.171010,42.071110
2008-12-01,2.659863,35.567951,16.858368,13.503562,0.156359,39.005672
2008-12-02,2.765743,37.306385,18.413826,13.895394,0.165058,40.737835
2008-12-03,2.868333,36.911263,19.523951,14.417827,0.173529,41.430740
2008-12-04,2.734040,35.439571,20.059647,13.866365,0.162082,40.034477
2008-12-05,2.811505,36.753235,21.524750,14.417827,0.168492,40.207695
2008-12-08,2.982588,38.565720,23.551371,15.245018,0.162998,41.782413
2008-12-09,2.992756,37.316238,21.918455,14.947517,0.178794,41.047535
2008-12-10,2.937424,38.738552,21.634483,14.954774,0.195735,42.029121
2008-12-11,2.841414,39.242313,19.323864,14.113075,0.187493,42.002876
2008-12-12,2.939220,39.015129,19.969292,14.047766,0.196879,42.228573
2008-12-15,2.833938,38.624977,18.478374,13.815575,0.190469,41.966114
2008-12-16,2.854276,39.020050,20.879332,14.591969,0.203289,43.640568
2008-12-17,2.666742,37.938507,20.563072,14.265442,0.213362,42.548763
2008-12-18,2.674818,36.066776,19.498135,14.004229,0.193674,40.417667
2008-12-19,2.691867,34.990158,19.569130,13.873619,0.195048,39.378334
2008-12-22,2.564452,34.269104,19.246426,13.917154,0.183601,39.320621
2008-12-23,2.583594,34.175278,18.788172,13.989720,0.181083,39.420334
2008-12-24,2.543515,34.382687,19.265776,13.909897,0.176733,39.777275
2008-12-26,2.566546,34.743217,19.233513,13.880883,0.171926,40.517372
2008-12-29,2.590474,35.335873,19.220604,13.757525,0.177420,40.953049
2008-12-30,2.580902,36.239616,20.014467,14.033257,0.183601,41.252254
2008-12-31,2.552787,36.530998,20.350088,14.105821,0.184746,41.903130
2009-01-02,2.714299,37.790344,20.480751,14.751612,0.199398,42.853218
2009-01-05,2.828853,37.859486,19.108835,14.889474,0.203060,42.847954
2009-01-06,2.782194,38.200241,19.520403,15.063612,0.209928,42.149845
2009-01-07,2.722075,36.526062,18.351011,14.156600,0.197337,41.073784
2009-01-08,2.772622,36.664326,17.782642,14.599226,0.192301,41.514706
2009-01-09,2.709214,35.963066,16.966022,14.163863,0.181541,40.716854
2009-01-12,2.651788,34.975334,16.273537,14.127587,0.174215,40.176193
2009-01-13,2.623373,35.469200,17.214277,14.381540,0.175131,40.900566
2009-01-14,2.552189,34.417278,16.926834,13.851853,0.167347,39.420334
2009-01-15,2.493865,34.950642,15.901155,13.960689,0.173300,40.239182
2009-01-16,2.462460,35.429695,14.908156,14.301728,0.182915,40.995037
2009-01-20,2.338933,33.735737,11.818076,13.409231,0.165058,40.044968
2009-01-21,2.477415,35.177814,14.784031,14.062278,0.173071,41.603943
2009-01-22,2.642815,34.545673,15.091070,12.415145,0.169866,41.063305
2009-01-23,2.642815,34.975334,15.861958,12.480456,0.176505,40.963551
2009-01-26,2.681100,35.207432,16.005682,12.792463,0.182457,41.257504
2009-01-27,2.713701,35.602547,16.371529,12.814233,0.193216,41.425465
2009-01-28,2.817487,36.442097,18.070091,13.089964,0.201229,41.598679
2009-01-29,2.781596,34.876560,16.613253,12.763441,0.189553,40.417667
2009-01-30,2.695756,34.827179,16.665514,12.407891,0.181999,40.144695
2009-02-02,2.737030,34.713600,16.462992,12.937584,0.191843,40.254925
2009-02-03,2.780997,35.380302,15.711699,13.423742,0.194132,41.005550
2009-02-04,2.798045,35.360546,15.705171,13.518070,0.199626,40.764080
2009-02-05,2.885083,36.175415,16.031820,13.815575,0.214278,41.876892
2009-02-06,2.982588,36.990295,18.050493,14.265442,0.225953,42.383331
2009-02-09,3.066036,36.753235,17.821846,14.105821,0.222977,41.929649
2009-02-10,2.926059,35.123497,16.084072,13.641421,0.213362,40.167610
2009-02-11,2.895849,35.192631,17.044426,13.938921,0.186577,39.344643
2009-02-12,2.969129,34.818821,17.109751,13.975202,0.190469,39.682285
2009-02-13,2.965839,34.754032,16.129810,13.851853,0.190240,39.349934
2009-02-17,2.827357,32.984692,14.143805,13.216241,0.179252,37.603741
2009-02-18,2.822571,32.954777,14.052338,13.238165,0.184059,37.951923
2009-02-19,2.711010,33.233879,13.457843,13.084741,0.169866,38.067959
2009-02-20,2.727759,32.431446,13.000545,13.150490,0.174215,37.577362
2009-02-23,2.600643,31.369835,12.745753,12.573322,0.166203,36.559193
2009-02-24,2.699344,32.536106,13.732227,12.544105,0.181083,38.031036
2009-02-25,2.726562,31.648960,14.196065,12.390683,0.183143,38.009945
2009-02-26,2.667640,31.484478,15.058404,11.996169,0.189096,37.429653
2009-02-27,2.671229,30.258390,14.927751,11.798914,0.189553,35.820614
2009-03-02,2.630253,28.718294,13.823686,11.535903,0.173529,34.243256
2009-03-03,2.643113,28.773129,13.725697,11.601656,0.180396,33.953094
2009-03-04,2.726861,29.545664,12.608557,11.776997,0.193674,34.649471
2009-03-05,2.657171,28.140144,10.844667,11.156002,0.189096,32.824146
2009-03-06,2.551292,29.042267,10.406960,11.163309,0.192072,33.778999
2009-03-09,2.485789,29.047260,10.387365,11.068328,0.190011,34.063877
2009-03-10,2.650891,30.791687,12.739213,12.040002,0.207181,35.551559
2009-03-11,2.772024,30.512583,13.327183,12.500270,0.212904,34.696926
2009-03-12,2.881792,31.599108,15.156397,12.427215,0.225495,35.424965
2009-03-13,2.869231,31.354885,15.515711,12.164207,0.224351,35.451336
2009-03-16,2.853977,31.369835,15.084546,11.871972,0.215651,35.330002
2009-03-17,2.980794,32.551067,16.423803,12.346848,0.226411,36.448399
2009-03-18,3.036425,33.189034,17.710785,12.390683,0.233508,36.490597
2009-03-19,3.039418,33.458168,16.299673,12.522192,0.230761,36.047474
2009-03-20,3.038519,32.252026,15.123743,12.463746,0.218170,34.865765
2009-03-23,3.220071,34.464954,18.854050,13.391587,0.233966,37.208076
2009-03-24,3.185375,34.375240,17.246946,13.099348,0.223893,36.601379
2009-03-25,3.185077,34.739094,18.658056,13.062816,0.227556,37.012882
2009-03-26,3.286170,34.973335,19.010845,13.756872,0.241749,37.577362
2009-03-27,3.195843,34.340366,17.900238,13.245468,0.239460,36.917923
2009-03-30,3.125257,33.293701,16.234333,12.770583,0.224122,36.205727
2009-03-31,3.144100,33.512993,17.364532,13.420806,0.225724,35.926121
2009-04-01,3.250878,34.041309,18.383680,14.107550,0.231448,36.522263
2009-04-02,3.371113,35.043102,18.429485,14.092947,0.242207,37.060352
2009-04-03,3.469218,35.127834,19.162474,13.698426,0.259148,37.160599
2009-04-06,3.542796,34.833778,18.455660,13.705735,0.259835,36.954853
2009-04-07,3.439608,34.091167,17.833933,13.705735,0.250907,36.247929
2009-04-08,3.479088,34.131008,17.951735,14.019888,0.261208,36.379814
2009-04-09,3.576295,34.504822,21.433439,14.370561,0.275631,36.844051
2009-04-13,3.595735,33.881813,22.055166,14.312122,0.266703,35.883930
2009-04-14,3.538609,33.184055,20.091806,14.136776,0.268305,35.715107
2009-04-15,3.518570,33.243858,21.309090,13.756872,0.260751,35.947231
2009-04-16,3.632525,32.860065,21.754126,14.436318,0.267390,35.562126
2009-04-17,3.691446,32.899937,21.767208,14.027192,0.269221,35.213940
2009-04-20,3.604111,31.833363,19.430799,13.596149,0.252967,34.443722
2009-04-21,3.641797,32.336754,21.289455,13.859156,0.252280,34.939610
2009-04-22,3.634320,31.773561,20.877146,13.720346,0.259835,34.158821
2009-04-23,3.750668,32.660709,21.734489,13.822627,0.255714,34.665291
2009-04-24,3.705804,33.194016,21.845747,15.276481,0.261666,35.118969
2009-04-27,3.730628,32.600918,21.453066,14.903893,0.252280,34.886852
2009-04-28,3.705804,32.889984,21.459612,14.560516,0.252967,35.388031
2009-04-29,3.742893,33.672485,22.565653,14.794306,0.249075,36.105488
2009-04-30,3.763530,32.944801,21.597054,14.801610,0.262811,35.171730
2009-05-01,3.805702,33.328583,21.263287,14.786993,0.267160,35.878643
2009-05-04,3.950165,33.233879,23.422981,14.750473,0.281583,35.978882
2009-05-05,3.969309,32.770386,22.788160,14.458232,0.270137,35.688721
2009-05-06,3.963025,33.946598,24.358862,14.458232,0.264642,36.179352
2009-05-07,3.860137,33.881813,23.063038,14.114863,0.245641,36.363998
2009-05-08,3.864025,35.078007,25.484524,14.187923,0.211760,37.350506
2009-05-11,3.875390,33.891777,23.449163,14.114863,0.215880,36.761440
2009-05-12,3.721356,34.484894,23.141573,14.531296,0.205579,37.584011
2009-05-13,3.573901,33.941628,22.284237,14.429018,0.192301,37.026783
2009-05-14,3.677390,33.817028,23.259380,14.655494,0.195048,37.021473
2009-05-15,3.661536,33.152763,22.847065,14.772389,0.200084,36.676537
2009-05-18,3.788054,33.228252,24.385033,15.050007,0.212218,37.414192
2009-05-19,3.811983,33.142696,23.436087,14.932371,0.216338,37.424809
2009-05-20,3.764725,32.815601,22.611464,14.983838,0.222748,36.941879
2009-05-21,3.714179,32.443211,22.840525,14.572111,0.221375,36.294415
2009-05-22,3.663929,32.428116,22.519842,14.520649,0.224809,36.527935
2009-05-26,3.911582,33.042042,23.913826,14.954428,0.236942,37.048016
2009-05-27,3.979476,32.493542,22.683456,14.800029,0.237400,36.246662
2009-05-28,4.039894,33.117538,23.985809,15.035306,0.240605,36.740219
2009-05-29,4.062027,33.550304,24.149429,15.358806,0.238773,36.803894
2009-06-01,4.167907,34.828503,23.632414,15.733747,0.250449,38.082867
2009-06-02,4.172095,34.898968,22.578733,15.733747,0.248388,38.698498
2009-06-03,4.215763,34.350449,22.238413,15.976387,0.240605,38.252697
2009-06-04,4.299210,35.120384,23.135023,16.049908,0.249304,38.730324
2009-06-05,4.327028,34.909035,22.611464,16.277830,0.247930,38.725021
2009-06-08,4.302500,35.014713,23.161209,16.211658,0.246557,38.831142
2009-06-09,4.268702,35.321671,23.076122,16.233717,0.260064,38.804630
2009-06-10,4.194827,35.336784,22.801256,16.579271,0.268305,39.186722
2009-06-11,4.185851,36.182198,22.866707,16.785128,0.264871,39.298172
2009-06-12,4.096722,36.569683,22.991041,17.152746,0.263498,39.154884
2009-06-15,4.070402,35.769547,22.251520,17.218912,0.259148,38.640106
2009-06-16,4.078178,35.165691,21.924280,17.240976,0.252051,38.013885
2009-06-17,4.055147,34.637291,21.420347,17.410074,0.258232,37.902443
2009-06-18,4.064122,34.435978,22.362766,17.277727,0.253196,37.913044
2009-06-19,4.171796,34.249813,22.905958,17.696798,0.255943,37.706074
2009-06-22,4.108687,33.092381,21.511976,17.115980,0.241520,36.533245
2009-06-23,4.008188,33.193016,21.970102,17.160101,0.240376,36.591618
2009-06-24,4.074289,33.072247,21.898108,17.255676,0.248388,36.326263
2009-06-25,4.183161,33.650951,22.343134,17.490952,0.261437,37.085163
2009-06-26,4.260328,33.187984,22.546017,17.167446,0.264871,36.644691
2009-06-29,4.246271,33.655998,22.644178,17.542414,0.264871,37.456638
2009-06-30,4.260029,33.338947,22.323500,17.476242,0.258461,37.101082
2009-07-01,4.271993,33.474834,22.133438,17.674751,0.259606,37.446037
2009-07-02,4.187946,32.418045,21.150301,17.182159,0.249533,36.347500
2009-07-06,4.145774,32.277145,21.366587,17.057169,0.241520,36.140526
2009-07-07,4.049763,31.552486,21.504230,16.564568,0.230990,35.323257
2009-07-08,4.104199,31.592754,21.438684,16.586620,0.231448,35.164036
2009-07-09,4.078477,31.743715,22.035118,16.498390,0.236484,35.010136
2009-07-10,4.143082,30.898285,21.196184,16.461634,0.237400,34.559044
2009-07-13,4.257338,31.421648,22.749519,17.079218,0.240147,34.866852
2009-07-14,4.255243,31.703465,22.742970,16.990993,0.245183,35.142807
2009-07-15,4.393124,32.493542,23.765413,17.733578,0.255256,36.320950
2009-07-16,4.412269,32.654556,23.680212,17.968842,0.268534,36.331573
2009-07-17,4.538785,32.770309,24.178326,17.858557,0.276318,36.363415
2009-07-20,4.573482,33.031979,24.237324,18.035009,0.279752,36.586311
2009-07-21,4.531609,33.338947,24.211107,18.255575,0.274029,37.398281
2009-07-22,4.688035,33.182964,24.139011,18.233517,0.280896,37.143536
2009-07-23,4.720339,34.164249,25.004154,18.792288,0.297608,38.003273
2009-07-24,4.785242,34.435978,24.853413,17.240976,0.296692,38.364136
2009-07-27,4.788530,34.647350,24.991041,16.990993,0.298066,38.608265
2009-07-28,4.785541,34.390697,24.958279,17.255676,0.298524,38.151875
2009-07-29,4.786438,33.776768,24.755104,17.498289,0.292572,37.907757
2009-07-30,4.868989,34.068638,25.213890,17.505655,0.294861,37.530968
2009-07-31,4.886936,34.959366,25.331863,17.292437,0.296006,37.355816
2009-08-03,4.977859,35.427353,25.954508,17.520355,0.304018,37.493801
2009-08-04,4.951540,35.432392,26.354309,17.476242,0.306079,37.467270
2009-08-05,4.938379,35.120384,27.383320,17.505655,0.306765,37.164761
2009-08-06,4.902488,34.848640,26.708242,17.248323,0.300355,37.005554
2009-08-07,4.950343,34.974457,27.763460,17.321840,0.313862,36.867584
2009-08-10,4.926713,34.838577,27.979748,17.218912,0.303560,36.713669
2009-08-11,4.870185,34.189419,27.029394,17.005688,0.296464,36.377285
2009-08-12,4.944361,34.581936,27.665152,17.299789,0.307452,36.900562
2009-08-13,5.037379,34.486317,28.117384,17.365953,0.316609,36.708332
2009-08-14,4.988327,34.536636,27.822445,17.417418,0.307223,36.420002
2009-08-17,4.773279,33.845406,26.695122,17.093929,0.294403,35.533676
2009-08-18,4.905180,34.023304,27.330894,17.434036,0.305163,35.501637
2009-08-19,4.923125,34.643391,27.140812,17.485785,0.301729,36.307892
2009-08-20,4.974869,34.877178,27.802790,17.500576,0.313633,36.622902
2009-08-21,5.061306,35.441357,28.615519,18.047693,0.318899,37.333054
2009-08-24,5.056522,35.964867,28.189484,18.217754,0.309970,38.069889
2009-08-25,5.066693,35.908955,28.563066,18.217754,0.312718,37.738838
2009-08-26,5.007172,36.132591,28.379562,18.151201,0.316380,38.107254
2009-08-27,5.068188,36.086842,28.477861,18.254725,0.320730,37.834938
2009-08-28,5.086133,35.924198,28.130495,18.247328,0.337213,37.439831
2009-08-31,5.031101,35.548103,28.484419,18.225143,0.332405,36.921913
2009-09-01,4.944062,34.806026,27.311216,17.744558,0.321188,36.526802
2009-09-02,4.940471,34.582382,26.780333,17.641054,0.325766,36.403988
2009-09-03,4.981448,34.729790,27.599609,17.825886,0.333550,36.446716
2009-09-04,5.093910,35.049995,27.750353,18.202961,0.345912,36.937923
2009-09-08,5.172271,35.822559,27.881428,18.350838,0.355527,37.722828
2009-09-09,5.118735,35.746315,28.091173,18.321260,0.365371,37.642727
2009-09-10,5.161206,36.315567,28.196032,18.483917,0.377047,37.722828
2009-09-11,5.149241,35.959785,27.855219,18.380415,0.373613,37.365078
2009-09-14,5.195902,36.107174,28.674498,18.483917,0.367432,37.375759
2009-09-15,5.238971,36.407059,28.307457,18.631790,0.374986,37.103451
2009-09-16,5.439666,36.823833,29.264368,18.631790,0.364913,37.557289
2009-09-17,5.519822,36.579880,29.467545,18.705725,0.348888,37.290321
2009-09-18,5.533880,36.920410,29.460991,18.676155,0.348430,37.370419
2009-09-21,5.503971,36.620529,29.198828,18.705725,0.346828,37.146164
2009-09-22,5.517726,36.915329,30.457230,19.053217,0.347515,37.284996
2009-09-23,5.548235,36.274910,29.533091,19.008858,0.342021,36.841831
2009-09-24,5.497991,35.939445,29.080845,19.178915,0.337442,36.804451
2009-09-25,5.454619,35.914051,28.608955,18.890564,0.331948,36.681644
2009-09-28,5.567677,36.442635,29.369238,19.097578,0.339502,37.156837
2009-09-29,5.544646,36.041115,29.415098,19.038433,0.333321,36.879208
2009-09-30,5.543752,35.797142,28.720364,19.016253,0.344081,36.633583
2009-10-01,5.409457,34.973743,27.114599,18.395195,0.319585,35.918098
2009-10-02,5.530290,34.633213,27.468941,18.454338,0.317067,35.549690
2009-10-05,5.563788,35.268536,28.741995,18.217754,0.315465,36.083626
2009-10-06,5.683128,35.863205,29.470388,18.565250,0.320730,36.660282
2009-10-07,5.690308,35.837803,29.988804,18.557852,0.318212,36.665615
2009-10-08,5.660996,36.315567,29.726326,18.979288,0.320272,36.868526
2009-10-09,5.696888,36.981400,30.087223,18.890564,0.324393,36.985985
2009-10-12,5.707058,37.443939,30.238157,19.016253,0.320730,37.445175
2009-10-13,5.683429,37.647228,29.962543,19.082787,0.319585,37.514576
2009-10-14,5.721412,38.353710,30.946867,19.193699,0.319127,38.358204
2009-10-15,5.699578,38.978882,30.946867,19.748222,0.309741,38.945541
2009-10-16,5.624506,39.039856,30.225027,19.592951,0.302645,39.041653
2009-10-19,5.678644,39.471909,30.172537,19.489443,0.313633,39.308620
2009-10-20,5.944836,39.151699,30.205345,19.496830,0.313862,38.988266
2009-10-21,6.129080,39.121197,29.299770,19.652105,0.306308,39.143093
2009-10-22,6.137456,39.283836,29.995363,19.659492,0.308368,39.746464
2009-10-23,6.099770,38.973820,29.680382,20.716774,0.301042,39.281925
2009-10-26,6.056103,38.348621,28.755127,21.204754,0.297150,39.100380
2009-10-27,5.903265,38.928047,28.807611,21.138214,0.287077,39.997406
2009-10-28,5.754613,38.572262,28.007036,20.716774,0.275173,39.426079
2009-10-29,5.872755,39.619286,29.102913,20.864647,0.287306,39.490166
2009-10-30,5.637967,38.902653,27.409893,20.502365,0.273800,38.267429
2009-11-02,5.662191,38.953465,27.941423,20.613268,0.276318,38.523724
2009-11-03,5.645442,38.983967,28.020161,20.354488,0.274944,38.304825
2009-11-04,5.707058,38.770485,27.698631,20.746346,0.274257,38.069889
2009-11-05,5.803366,39.258434,28.787939,21.049477,0.280896,38.710598
2009-11-06,5.812639,39.405819,28.532007,21.086454,0.301271,38.753326
2009-11-09,6.025595,39.471909,29.102913,21.433954,0.308139,39.123882
2009-11-10,6.071057,39.817524,28.984797,21.448744,0.300584,38.994995
2009-11-11,6.079133,39.903927,29.083227,21.530062,0.309055,39.156109
2009-11-12,6.041448,39.349911,28.413898,21.707514,0.308139,38.613693
2009-11-13,6.115024,39.614216,28.151419,21.907143,0.310428,38.919815
2009-11-16,6.180226,40.306404,28.243275,21.840599,0.314778,39.972420
2009-11-17,6.191294,40.408939,28.322027,22.278749,0.314320,40.294659
2009-11-18,6.160186,40.465343,28.466387,22.360434,0.309513,40.423542
2009-11-19,5.997178,39.655228,27.921743,22.115362,0.297150,40.090569
2009-11-20,5.979534,39.362968,27.862675,21.996552,0.295319,39.945557
2009-11-23,6.157794,40.373058,28.400776,22.234188,0.297608,40.654469
2009-11-24,6.114725,40.521767,27.875797,22.211905,0.295777,40.799469
2009-11-25,6.107247,40.834534,27.665810,22.122791,0.299211,41.067993
2009-11-27,5.999572,40.080795,27.121161,21.699497,0.292801,40.208725
2009-11-30,5.979234,40.014149,27.882366,21.840595,0.298982,40.316128
2009-12-01,5.891303,40.537155,27.705185,22.286173,0.304934,40.837063
2009-12-02,5.869166,40.367950,27.514889,22.115362,0.314091,40.702805
2009-12-03,5.876644,39.973141,27.167103,22.152494,0.316609,40.273155
2009-12-04,5.782131,40.029560,27.390217,22.263893,0.326453,39.875740
2009-12-07,5.651423,40.080795,27.068657,22.122791,0.368347,39.617985
2009-12-08,5.678940,39.357834,27.042410,21.959414,0.350491,39.177597
2009-12-09,5.916124,39.511658,27.029282,22.063377,0.359190,39.091667
2009-12-10,5.875148,39.696255,27.081789,22.182198,0.352780,38.882214
2009-12-11,5.822506,39.870594,26.878355,22.167353,0.348202,39.113132
2009-12-14,5.891599,39.614220,27.409893,22.360434,0.358732,37.426811
2009-12-15,5.807553,39.670624,26.812742,22.293596,0.358275,37.147564
2009-12-16,5.833276,39.937229,27.140854,22.353008,0.387120,36.750137
2009-12-17,5.738462,39.368107,26.425581,21.981688,0.385288,36.637348
2009-12-18,5.845240,39.429626,26.871803,22.546091,0.385059,36.631969
2009-12-21,5.928987,39.737282,27.495197,22.664909,0.398795,36.793102
2009-12-22,5.992693,39.732132,27.521442,22.887703,0.409326,36.825329
2009-12-23,6.044735,39.501411,27.272091,22.961962,0.415049,36.658848
2009-12-24,6.252308,39.701382,27.488640,23.021368,0.414133,36.873650
2009-12-28,6.329177,39.875706,27.377079,23.147617,0.407494,37.099228
2009-12-29,6.254102,39.588581,27.226160,23.310991,0.412531,36.970314
2009-12-30,6.330074,39.814190,27.252399,22.991665,0.427411,36.932720
